,filename,p0,J,v0,f,dt,a,k,L,Dr,D_eff
0,trial_avm_data.npy,3.2,-0.0,0.031622776601683784,200,0.05,0.4,2,10,0.01,1.47530231078888e-06
