,x_center,y_center,radius
0,878.3769030937415,760.0237911823143,831.0295981962408
