x_src,y_src,x_dst,y_dst
655.6097286145638,201.63216247558591,987.0168580704737,1308.1178649902342
