,condition,g_inv_days,g_inv_days_90CI_lo,g_inv_days_90CI_hi,rho_max_inv_mm2,rho_max_inv_mm2_90CI_lo,rho_max_inv_mm2_90CI_hi,sigma,g_ratio,rho_max_ratio,doubling_time_days,doubling_time_hours
0,FGF2,1.0883133852429603,0.8474106249600488,1.449317854087316,7038.003026927109,6392.692793586804,7938.776514191138,1435.0412286692927,1.4941187519692345,5.630402421541687,0.6369003542166338,15.285608501199212
1,RI,0.14104157862780417,0.11128374968083024,0.16904747498980913,7038.003026927109,6392.692793586804,7938.776514191138,504.5955990183406,0.19363252376805087,5.630402421541687,4.914488247391908,117.94771793740578
2,untreated,0.7283981837511734,0.6045133101376879,0.8837944831284847,7038.003026927109,6392.692793586804,7938.776514191138,787.4951522652415,1.0,5.630402421541687,0.9516047623709203,22.838514296902087
